school,classification
Academy Of The Holy Cross,private
Al-Huda School,private
Annapolis Area Christian Sch,private
Archbishop Curley High School,private
Archbishop Spalding Hs,private
Baltimore Lutheran School,private
Baltimore School For The Arts,private
Bard Hs Early Clg Baltimore,private
Beth Tfiloh Dahan Community Hs,private
Bishop Mcnamara High School,private
Boys Latin School Of Maryland,private
Brookewood School,private
Bryn Mawr School For Girls,private
Bullis School,private
Calvert Hall College Hs,private
Catholic High School Baltimore,private
Chapelgate Christian Academy,private
Charles Herbert Flowers Hs,private
Cristo Rey Jesuit High School,private
Connelly Sch Of The Holy Child,private
Friends School Of Baltimore,private
Garrison Forest School,private
Georgetown Preparatory School,private
Gerstell Academy,private
Gilman School,private
Glenelg Country School,private
Grace Brethren Christian Sch,private
Green Street Academy,private
Indian Creek School,private
Institute Of Notre Dame,private
John Carroll School,private
Key School,private
Landon School,private
Lanham Christian School,private
Loyola Blakefield High School,private
Maryland Unknown,private
Maryland International Day Sch,private
McDonogh School,private
McLean School,private
Melvin J Berman Hebrew Academy,private
Mercy High School,private
Mergenthaler Voc-Tech Hs,private
Mount De Sales Academy,private
Mount Saint Joseph High School,private
Notre Dame Preparatory School,private
Oakcrest School,private
Our Lady Of Good Counsel Hs,private
Our Lady Of Mount Carmel Hs,private
Pallotti High School,private
Park School Of Baltimore,private
Patuxent Montessori School,private
Pilgrim Christian Day School,private
Pilgrim Christian School,private
Portsmouth Christian School,private
Providence Preparatory School,private
Rockbridge Academy,private
Saint Andrews Episcopal School,private
Saint Frances Academy,private
Saint James School,private
Saint Johns Catholic Prep,private
Saint Maria Goretti Hs,private
Saint Mary'S High School,private
Saint Marys Ryken High School,private
Saint Pauls School For Boys,private
Saint Pauls School For Girls,private
Saint Timothys School,private
Saint Vincent Pallotti Hs,private
Saints Peter And Paul Hs,private
Salisbury School,private
Sandy Spring Friends School,private
Seed School Of Maryland,private
Spencerville Adventist Academy,private
Stone Ridge Sch Sacred Heart,private
Takoma Academy,private
The Forbush School At Hunt Valley,private
Tome School,private
Washington Christian Academy,private
Washington County Technical Hs,private
West Nottingham Academy,private
Woodmont Academy,private
Worcester Preparatory School,private
Yeshiva Of Greater Washington,private